[{
        "Username": "Maricela",
        "Gender": "female",
        "DateOfBirth": "1977-01-10",
        "Password": "password",
        "KnownAs": "Maricela",
        "Created": "2017-08-27",
        "Introduction": "Aliqua excepteur voluptate Lorem enim nostrud. Reprehenderit minim aliqua ea commodo mollit sint tempor ea qui. Cillum eiusmod reprehenderit fugiat consequat nisi.\r\n",
        "LookingFor": "Occaecat consequat minim do proident ea fugiat. Dolore deserunt elit aliquip tempor ad sint minim magna irure cupidatat. Qui laboris velit laborum dolore velit officia dolore. In consequat laborum proident elit ut excepteur Lorem excepteur pariatur.\r\n",
        "Interests": "Mollit exercitation eu nisi sunt do et aliquip nostrud magna nisi non tempor voluptate.",
        "City": "Marenisco",
        "Country": "British Indian Ocean Territory",
        "Photos": [{
            "url": "https://randomuser.me/api/portraits/women/38.jpg",
            "isMain": true,
            "description": "Quis commodo aute anim velit proident duis commodo laborum sint elit irure id."
        }]
    },
    {
        "Username": "Jenny",
        "Gender": "female",
        "DateOfBirth": "1960-09-26",
        "Password": "password",
        "KnownAs": "Jenny",
        "Created": "2017-05-07",
        "Introduction": "Sit nostrud adipisicing reprehenderit et irure veniam tempor. Duis commodo nulla amet sint non sint sint elit. Duis fugiat eu irure incididunt id nulla sint id et dolor ullamco qui dolore aliquip.\r\n",
        "LookingFor": "Occaecat culpa aliqua deserunt esse eiusmod sint ullamco reprehenderit consequat fugiat sunt veniam veniam. Ut exercitation sit aliquip minim irure laborum laboris sint officia nisi. Aliqua adipisicing ad non quis elit quis irure ea.\r\n",
        "Interests": "Qui deserunt sunt dolor mollit ullamco elit.",
        "City": "Sanborn",
        "Country": "Cuba",
        "Photos": [{
            "url": "https://randomuser.me/api/portraits/women/74.jpg",
            "isMain": true,
            "description": "Irure ex aliquip aliquip ullamco pariatur non sit commodo eiusmod."
        }]
    },
    {
        "Username": "Bridgette",
        "Gender": "female",
        "DateOfBirth": "1964-08-19",
        "Password": "password",
        "KnownAs": "Bridgette",
        "Created": "2017-02-13",
        "Introduction": "Laboris excepteur laborum consequat non non pariatur sunt nisi sunt do nostrud sunt non. Ad officia qui laboris aliqua eu. Minim consectetur proident amet ea deserunt sunt deserunt nulla occaecat ut deserunt occaecat veniam magna. Do reprehenderit id ex aliquip. Ullamco nostrud do veniam id anim et consequat ullamco enim. Eiusmod adipisicing ea enim magna ut adipisicing tempor cillum dolor enim deserunt eu. Proident et aliqua eu non.\r\n",
        "LookingFor": "Aliquip nostrud et ullamco do culpa est dolore ut eu. Aliqua qui excepteur est ea amet sint aliqua. Occaecat tempor cupidatat duis nisi laboris deserunt ea duis ea sit veniam officia do. Cillum aliqua ipsum aliqua commodo anim voluptate. Est irure ex exercitation cillum nisi do anim sint duis. Deserunt nostrud nisi do ad reprehenderit consectetur do cupidatat consequat eiusmod sit anim.\r\n",
        "Interests": "Aliquip pariatur laboris nisi ex.",
        "City": "Hegins",
        "Country": "Jamaica",
        "Photos": [{
            "url": "https://randomuser.me/api/portraits/women/55.jpg",
            "isMain": true,
            "description": "Do esse est in duis esse voluptate laboris."
        }]
    },
    {
        "Username": "Anna",
        "Gender": "female",
        "DateOfBirth": "1950-06-07",
        "Password": "password",
        "KnownAs": "Anna",
        "Created": "2017-01-13",
        "Introduction": "Quis deserunt eiusmod aute excepteur laboris amet elit quis cillum Lorem dolore amet reprehenderit. Cillum proident id reprehenderit officia fugiat incididunt esse consequat. Aliquip esse occaecat sunt velit in voluptate ut duis ipsum. Laboris culpa id cupidatat proident officia incididunt esse sunt dolor esse. Exercitation qui ad consectetur duis ex consectetur aute.\r\n",
        "LookingFor": "Pariatur aliqua irure nostrud esse do non. Veniam consequat dolore adipisicing adipisicing cupidatat dolor nulla consectetur commodo. Elit ut aute nisi quis Lorem ipsum ipsum sit aliquip exercitation commodo consectetur aliqua qui. Ad et velit ipsum exercitation commodo exercitation Lorem in proident mollit.\r\n",
        "Interests": "Voluptate incididunt ullamco aliqua consectetur non irure laboris fugiat mollit magna velit ad et.",
        "City": "Mulberry",
        "Country": "Nicaragua",
        "Photos": [{
            "url": "https://randomuser.me/api/portraits/women/52.jpg",
            "isMain": true,
            "description": "Exercitation aliquip enim velit esse fugiat."
        }]
    },
    {
        "Username": "Kasey",
        "Gender": "female",
        "DateOfBirth": "1965-10-13",
        "Password": "password",
        "KnownAs": "Kasey",
        "Created": "2017-07-08",
        "Introduction": "Et Lorem sunt enim quis tempor commodo esse laborum cillum laboris proident commodo ut. Sunt ut culpa quis non voluptate excepteur laborum eu exercitation dolore qui quis. Excepteur nulla nisi laborum occaecat magna officia. Culpa ut aliquip pariatur reprehenderit in fugiat duis ea eiusmod dolor proident adipisicing non. Incididunt aliqua cillum non eiusmod exercitation. Officia pariatur sit quis esse aliqua ipsum occaecat. Tempor fugiat eiusmod fugiat est.\r\n",
        "LookingFor": "Elit consequat pariatur id esse nisi. Sit ex et deserunt culpa esse cillum eiusmod. Elit pariatur nisi Lorem anim sit proident sit mollit Lorem quis culpa officia id tempor. Amet excepteur aute tempor sint non. Est amet mollit eiusmod in elit cupidatat ea veniam. Nisi exercitation eu pariatur adipisicing ad excepteur occaecat. Commodo Lorem nulla esse velit ut in aliquip aliqua magna fugiat.\r\n",
        "Interests": "Dolor excepteur officia aute adipisicing consequat.",
        "City": "Vandiver",
        "Country": "Djibouti",
        "Photos": [{
            "url": "https://randomuser.me/api/portraits/women/91.jpg",
            "isMain": true,
            "description": "Magna tempor nostrud incididunt ut veniam magna officia."
        }]
    },
    {
        "Username": "Brock",
        "Gender": "male",
        "DateOfBirth": "1964-12-07",
        "Password": "password",
        "KnownAs": "Brock",
        "Created": "2017-08-07",
        "Introduction": "In ad cillum sit duis ipsum aliquip mollit occaecat enim duis amet mollit incididunt eiusmod. Ullamco officia irure esse minim officia proident incididunt. Irure in elit exercitation sint ex consequat esse cillum.\r\n",
        "LookingFor": "Ullamco occaecat magna tempor ut et sit Lorem. Nulla quis consequat do quis aliqua esse occaecat eu adipisicing nostrud id reprehenderit sint. Proident dolor qui velit nulla consequat id irure ex fugiat laboris. Sint consectetur amet anim commodo pariatur ut culpa in magna commodo officia est proident aute. Aliqua magna proident nostrud cillum cillum nostrud. In excepteur labore sit incididunt esse nulla voluptate ea veniam.\r\n",
        "Interests": "In fugiat fugiat quis mollit aute id incididunt culpa.",
        "City": "Nanafalia",
        "Country": "Bulgaria",
        "Photos": [{
            "url": "https://randomuser.me/api/portraits/men/4.jpg",
            "isMain": true,
            "description": "Ut magna excepteur esse elit."
        }]
    },
    {
        "Username": "Peck",
        "Gender": "male",
        "DateOfBirth": "1995-05-09",
        "Password": "password",
        "KnownAs": "Peck",
        "Created": "2017-02-09",
        "Introduction": "Minim ea labore deserunt do aliquip aliquip ea. Consequat dolor nostrud sit commodo nostrud culpa amet dolor aliqua aute et sint Lorem. Mollit fugiat enim id ex. Velit nulla dolore minim culpa ex quis deserunt ea occaecat tempor consectetur pariatur.\r\n",
        "LookingFor": "Eu occaecat voluptate sunt nisi elit. Cillum reprehenderit reprehenderit est cillum incididunt. Voluptate id Lorem consequat amet ex non ad ipsum cupidatat id in velit. Ullamco tempor ex incididunt aliquip nisi veniam do fugiat commodo laborum.\r\n",
        "Interests": "Fugiat aute ex ullamco sunt Lorem Lorem consequat dolore proident sunt sunt consequat.",
        "City": "Gallina",
        "Country": "Korea (North)",
        "Photos": [{
            "url": "https://randomuser.me/api/portraits/men/96.jpg",
            "isMain": true,
            "description": "Occaecat voluptate labore proident occaecat sunt eu labore cupidatat occaecat fugiat ipsum commodo ut irure."
        }]
    },
    {
        "Username": "Best",
        "Gender": "male",
        "DateOfBirth": "1971-09-07",
        "Password": "password",
        "KnownAs": "Best",
        "Created": "2017-05-01",
        "Introduction": "Officia cillum sint proident elit occaecat in velit sit cillum sunt labore tempor. Nulla sint ad duis mollit nulla. Nostrud anim dolor officia cupidatat in nisi proident dolore sunt dolore. Anim aute incididunt deserunt ex. Cillum eu nulla sint aute officia tempor id nisi ea qui laborum.\r\n",
        "LookingFor": "Ut exercitation magna reprehenderit ea pariatur sunt occaecat. Ea velit ex consequat Lorem proident anim irure excepteur adipisicing est dolore anim duis do. Velit consectetur officia anim laboris sint dolore elit proident dolor amet adipisicing enim. Consequat labore sit mollit sunt. In elit enim culpa cupidatat labore sit proident aliqua fugiat. Aliquip non Lorem elit minim laboris non.\r\n",
        "Interests": "Magna ut reprehenderit sit aliquip do nulla veniam quis in eiusmod nostrud minim.",
        "City": "Brogan",
        "Country": "Italy",
        "Photos": [{
            "url": "https://randomuser.me/api/portraits/men/50.jpg",
            "isMain": true,
            "description": "Irure Lorem do enim in commodo ipsum non."
        }]
    },
    {
        "Username": "Baker",
        "Gender": "male",
        "DateOfBirth": "1952-08-14",
        "Password": "password",
        "KnownAs": "Baker",
        "Created": "2017-01-22",
        "Introduction": "Dolore velit velit irure exercitation Lorem laborum anim non sit est duis eiusmod occaecat ea. Minim tempor ullamco sint excepteur. Sunt aute magna labore consectetur sint.\r\n",
        "LookingFor": "Mollit qui laborum consequat officia ea aliquip. Adipisicing pariatur eiusmod ex anim veniam ea qui est. Officia sint fugiat adipisicing sunt exercitation adipisicing laborum esse minim.\r\n",
        "Interests": "Proident elit commodo tempor excepteur aute labore occaecat mollit fugiat.",
        "City": "Franklin",
        "Country": "Nicaragua",
        "Photos": [{
            "url": "https://randomuser.me/api/portraits/men/7.jpg",
            "isMain": true,
            "description": "Ad nisi amet non occaecat enim veniam enim non aliqua sunt irure."
        }]
    },
    {
        "Username": "Holder",
        "Gender": "male",
        "DateOfBirth": "1999-05-15",
        "Password": "password",
        "KnownAs": "Holder",
        "Created": "2017-03-02",
        "Introduction": "Quis non aliqua anim commodo magna id. Eu consequat reprehenderit laborum duis nulla id fugiat cupidatat ut mollit quis irure ullamco pariatur. Ex labore aliquip aliqua qui nostrud labore proident aute consequat culpa aute nisi sit. Do commodo in elit sunt anim veniam incididunt.\r\n",
        "LookingFor": "Est eu consequat nisi quis non nostrud tempor sunt id id. Magna labore dolor proident in nostrud. Cillum proident proident eu do duis reprehenderit amet pariatur. Dolor exercitation sint culpa elit cillum aute sunt duis anim ex exercitation anim. Nostrud pariatur excepteur in pariatur ad est esse eu officia. Officia ad officia veniam adipisicing ex veniam laborum mollit aliqua dolore.\r\n",
        "Interests": "Id laboris do et voluptate voluptate exercitation proident dolore consectetur.",
        "City": "Nord",
        "Country": "Taiwan",
        "Photos": [{
            "url": "https://randomuser.me/api/portraits/men/30.jpg",
            "isMain": true,
            "description": "Ea commodo laboris cupidatat consectetur nisi Lorem."
        }]
    }
]